rho,lambd,S,Nsum,Nmean,Nsd
10010477.742927354,3607569.438972865,299.0,221527.0,740.8929765886288,6383467.199248322
