rho,lambd,S,Nsum,Nmean,Nsd
34929.84830219989,6304.129924447777,549.0,1458930.0,2657.431693989071,68057344.91200097
